par,yardage,yardage_4_5,yardage_3,adj_score_to_par,adj_par_3_score,adj_par_4_score,adj_par_5_score,adj_driving_distance,adj_sd_distance,adj_driving_accuracy,putt_sg,arg_sg,app_sg,ott_sg,fw_width,fw_diff,rgh_diff,non_rgh_diff,miss_fw_pen_frac,adj_gir,less_150_sg,greater_150_sg,adj_penalties,adj_ob,arg_fairway_sg,arg_rough_sg,arg_bunker_sg,less_5_ft_sg,greater_5_less_15_sg,greater_15_sg,course,country
72.0,7981.0,511.0,208.0,0.38,0.09,0.13,-0.33,323.2,19.3,0.6338,0.007,-0.041,-0.004,0.097,34.6,0.48,0.49,0.4,0.0617,0.6351,-0.078,0.03,0.69,0.14,0.003,-0.12,-0.017,0.005,-0.003,0.017,Castle Pines Golf Club,USA
72.0,7671.0,489.0,207.0,2.57,0.29,0.21,-0.17,293.0,17.9,0.5894,-0.005,-0.02,-0.056,-0.017,36.7,0.4,0.32,0.31,0.0616,0.532,-0.089,-0.044,0.65,0.08,-0.007,-0.04,-0.288,-0.007,-0.012,0.004,Ocean Course at Kiawah Island,USA
71.0,7635.0,490.0,194.0,2.57,0.18,0.2,-0.12,300.8,17.8,0.487,-0.014,-0.02,-0.027,-0.003,28.9,0.3,0.27,0.33,0.0111,0.5615,-0.049,-0.017,0.15,0.01,0.005,-0.034,-0.021,-0.005,-0.025,-0.019,Torrey Pines South (U.S. Open),USA
72.0,7599.0,488.0,190.0,1.11,0.12,0.17,-0.26,290.9,14.8,0.5366,-0.026,0.047,0.004,-0.052,27.8,0.32,0.28,0.3,0.0209,0.6151,0.009,0.002,0.29,0.04,0.068,0.022,0.058,-0.015,-0.065,-0.011,Torrey Pines South (Genesis Inv.),USA
72.0,7589.0,487.0,194.0,1.18,0.1,0.17,-0.24,289.7,15.7,0.5288,-0.02,0.005,0.0,-0.026,26.7,0.34,0.31,0.34,0.0172,0.6103,-0.011,0.005,0.19,0.02,0.026,-0.011,-0.002,-0.013,-0.047,-0.008,Torrey Pines Golf Course (South Course),USA
71.0,7526.0,479.0,209.0,2.31,0.23,0.2,-0.28,296.9,18.7,0.5871,-0.018,-0.031,-0.024,0.038,31.2,0.41,0.34,0.38,0.0447,0.5399,-0.065,-0.013,0.43,0.03,-0.012,-0.089,0.007,-0.005,-0.036,-0.026,Quail Hollow Club (PGA Championship),USA
70.0,7513.0,480.0,201.0,3.09,0.25,0.2,-0.15,294.7,18.2,0.6685,-0.006,-0.087,-0.028,0.037,35.0,0.39,0.32255201752137985,0.37,0.0042,0.5317,-0.045,-0.023,0.03,0.01,-0.112,-0.0766478020762259,-0.042,0.001,-0.011,-0.014,Pinehurst Resort & Country Club (Course No. 2),USA
72.0,7479.0,482.0,182.0,2.0,0.18,0.23,-0.24,294.4,20.9,0.7137,-0.023,-0.079,-0.055,0.019,52.2,0.37,0.25,0.42,0.0252,0.5782,-0.077,-0.047,0.54,0.04,-0.104,-0.022,-0.021,-0.004,-0.025,-0.056,Augusta National Golf Club,USA
72.0,7474.0,478.0,195.0,-0.32,0.13,0.07,-0.38,284.2,16.1,0.6167,0.007,0.002,0.022,-0.006,35.2,0.33,0.22,0.37,0.0584,0.6416,0.014,0.025,0.51,0.07,0.008,-0.002,-0.002,0.006,0.012,0.004,Crooked Stick GC,USA
72.0,7470.0,477.0,199.0,-1.16,0.05,0.01,-0.36,290.6,18.6,0.6228,0.009,0.033,0.021,0.016,28.1,0.34,0.35,0.22,0.0147,0.6695,0.012,0.025,0.24,0.04,0.023,0.001,0.107,0.009,0.022,-0.001,Medinah Country Club (No. 3),USA
72.0,7469.0,477.0,198.0,1.89,0.19,0.18,-0.17,285.0,19.0,0.5198,0.009,-0.009,-0.054,-0.046,35.9,0.36,0.29,0.32,0.0578,0.5948,-0.041,-0.06,0.92,0.15,0.018,-0.029,-0.006,0.007,0.015,0.006,Trump National Doral,USA
71.0,7428.0,470.0,210.0,-0.23,0.11,0.03,-0.33,293.1,17.3,0.6167,-0.005,-0.01,0.046,0.038,32.1,0.32,0.26,0.28,0.0186,0.6497,0.004,0.063,0.37,0.03,0.005,-0.058,0.036,-0.001,-0.016,-0.002,Caves Valley Golf Club,USA
71.0,7424.0,475.0,194.0,0.17,0.1,0.03,-0.19,303.3,21.4,0.4477,0.007,0.002,-0.002,0.019,27.8,0.27,0.29,0.32,0.0,0.6523,-0.015,0.009,0.2,0.03,-0.009,-0.024,0.05,-0.001,0.03,0.001,Wilmington Country Club,USA
71.0,7418.0,474.0,194.0,0.96,0.15,0.13,-0.31,297.0,20.0,0.538,-0.009,0.004,-0.022,0.024,31.3,0.33,0.21,0.34,0.0419,0.5924,-0.036,-0.017,0.51,0.04,-0.006,0.016,0.011,0.001,-0.017,-0.022,Quail Hollow Club,USA
70.0,7418.0,471.0,213.0,2.65,0.24,0.17,-0.15,299.5,21.0,0.6198,-0.009,-0.034,-0.036,0.032,44.2,0.28,0.25,0.23,0.0388,0.5363,-0.052,-0.027,0.41,0.01,-0.041,-0.04,-0.029,-0.005,-0.027,0.0,Southern Hills Country Club,USA
71.0,7416.0,474.0,195.0,0.03,0.0,0.05,-0.19,288.1,17.1,0.5787,-0.008,0.026,0.041,0.015,26.7,0.31,0.26,0.5,0.0173,0.6881,0.053,0.036,0.39,0.02,0.03,0.029,0.017,0.001,-0.027,-0.008,Congressional CC (Blue),USA
71.0,7397.0,471.0,201.0,0.31,0.06,0.1,-0.33,282.3,14.9,0.6607,0.002,-0.007,0.02,-0.009,39.2,0.37,0.32,0.34,0.0409,0.6197,0.003,0.026,0.39,0.02,-0.007,-0.022,0.009,-0.002,-0.002,0.013,Valhalla Golf Club,USA
70.0,7392.0,464.0,223.0,4.34,0.25,0.28,0.01,293.5,19.5,0.5439,-0.037,-0.115,-0.003,-0.041,28.0,0.6,0.56,0.67,0.0321,0.5734,-0.069,0.025,0.2,0.01,-0.036,-0.221,-0.088,-0.016,-0.078,-0.039,Oakmont Country Club,USA
70.0,7392.0,470.0,204.0,4.45,0.29,0.29,-0.11,288.6,23.0,0.4631,-0.029,-0.072,-0.016,-0.069,31.9,0.3,0.35,0.41,0.0032,0.5063,-0.008,-0.018,0.05,0.0,-0.049,-0.115,-0.022,-0.015,-0.024,-0.058,Winged Foot GC,USA
73.0,7371.0,453.0,190.0,-2.45,0.05,-0.05,-0.52,294.8,20.5,0.7021,-0.004,0.01,0.021,0.087,48.8,0.37,0.15,0.43,0.0641,0.767,0.001,0.034,0.39,0.08,0.003,0.025,0.01,0.001,-0.005,-0.012,Plantation Course at Kapalua,USA
72.0,7366.0,472.0,189.0,1.24,0.19,0.14,-0.22,286.2,16.9,0.6348,0.001,-0.055,-0.049,-0.018,33.7,0.47,0.44,0.39,0.0561,0.5758,-0.039,-0.054,0.7,0.07,-0.025,-0.09,-0.051,0.001,-0.001,0.0,Muirfield Village Golf Club,USA
71.0,7364.0,473.0,188.0,0.08,0.1,0.05,-0.29,301.2,20.9,0.7075,-0.005,-0.041,-0.009,0.066,51.4,0.35,0.3,0.42,0.0346,0.6449,-0.025,-0.001,0.28,0.02,-0.047,-0.03,-0.053,0.0,-0.001,-0.02,Congaree Golf Club,USA
72.0,7361.0,472.0,190.0,-0.09,0.1,0.07,-0.28,296.2,18.1,0.5289,0.006,-0.077,0.007,0.006,30.8,0.51,0.44,0.52,0.0411,0.63,0.002,0.01,0.52,0.14,-0.051,-0.091,-0.098,0.011,0.016,-0.015,Shadow Creek Golf Course,USA
72.0,7359.0,474.0,181.0,-3.05,-0.03,-0.09,-0.52,298.4,19.8,0.6491,0.0,0.048,0.085,0.056,37.0,0.34,0.16,0.41,0.0543,0.7235,0.09,0.082,0.44,0.03,0.054,0.084,-0.009,0.0,-0.003,0.004,The Summit Club,USA
71.0,7355.0,469.0,196.0,2.11,0.16,0.18,-0.23,287.7,17.2,0.5699,-0.01,-0.001,-0.027,-0.008,30.6,0.44,0.35,0.53,0.0059,0.5818,-0.023,-0.028,0.08,0.03,-0.009,0.002,-0.005,-0.003,-0.023,-0.012,Bethpage Black,USA
72.0,7349.0,465.0,208.0,1.1,0.17,0.15,-0.28,281.7,18.4,0.603,-0.001,-0.005,-0.048,-0.036,34.1,0.41,0.36,0.3,0.0572,0.5727,-0.046,-0.048,0.67,0.15,0.004,-0.064,0.014,0.001,0.002,-0.006,Arnold Palmer's Bay Hill Club & Lodge,USA
70.0,7339.0,469.0,196.0,2.86,0.16,0.19,-0.03,288.5,20.6,0.4525,-0.005,-0.042,-0.015,-0.072,28.0,0.37,0.33,0.57,0.0358,0.5652,-0.001,-0.022,0.34,0.02,0.007,-0.082,-0.053,-0.004,-0.018,0.003,Oak Hill Country Club,USA
70.0,7337.0,467.0,200.0,1.48,0.09,0.12,-0.18,298.8,22.1,0.4636,0.002,-0.005,-0.014,0.012,23.5,0.37,0.35,0.43,0.0013,0.5544,-0.041,0.005,0.15,0.03,-0.007,-0.002,-0.005,0.002,0.005,-0.001,Firestone CC (South),USA
71.0,7336.0,495.0,182.0,-1.41,0.01,0.02,-0.42,299.2,17.2,0.6586,0.006,0.057,0.022,0.031,41.4,0.32,0.2,0.4,0.0734,0.6786,0.044,0.016,0.57,0.04,0.04,0.091,0.026,0.001,0.007,0.013,Vidanta Vallarta,Mexico
70.0,7335.0,482.0,213.0,1.9,0.17,0.15,-0.17,294.8,19.7,0.6615,-0.015,-0.023,0.01,0.033,43.0,0.51,0.48,0.6,0.0097,0.6078,-0.04,0.035,0.08,0.02,-0.023,-0.05,-0.114,-0.001,-0.029,-0.026,The Los Angeles Country Club (North Course),USA
72.0,7331.0,470.0,189.0,0.4,0.07,0.09,-0.2,290.8,18.9,0.547,-0.002,0.002,-0.03,-0.024,30.5,0.3,0.11,0.47,0.0228,0.5907,-0.039,-0.025,0.26,0.05,-0.004,0.053,-0.047,0.002,0.003,-0.013,TPC San Antonio (Oaks Course),USA
72.0,7327.0,465.0,204.0,0.22,0.15,0.07,-0.28,285.8,18.0,0.6994,0.001,-0.03,-0.002,-0.029,50.3,0.45,0.13,0.3,0.1041,0.6333,-0.02,0.006,0.77,0.22,-0.072,0.067,0.0,0.007,0.006,-0.013,The Concession Golf Club,USA
72.0,7326.0,471.0,184.0,-1.98,0.01,-0.04,-0.4,297.2,19.6,0.6584,-0.005,0.016,0.03,0.046,35.7,0.3,0.27,0.37,0.0095,0.7305,0.003,0.05,0.1,0.03,0.032,0.0,0.01,-0.003,-0.011,-0.005,Detroit Golf Club,USA
71.0,7323.0,468.0,193.0,3.01,0.22,0.19,0.01,276.8,23.7,0.5496,0.001,0.003,-0.058,-0.115,33.0,0.48,0.2,0.49,0.0638,0.5285,-0.061,-0.056,0.41,0.19,0.036,0.017,-0.149,-0.007,-0.006,0.019,Royal Troon,Scotland
71.0,7321.0,467.0,193.0,0.72,0.11,0.11,-0.32,293.5,20.9,0.5246,0.008,-0.041,-0.026,-0.02,27.0,0.42,0.24,0.55,0.0298,0.6343,-0.038,-0.021,0.2,0.11,-0.049,-0.053,-0.159,0.0,0.018,0.012,Royal Portrush Golf Club,Northern Ireland
72.0,7319.0,468.0,192.0,-0.51,0.05,0.04,-0.27,280.5,16.6,0.6321,0.01,0.039,0.015,-0.049,32.9,0.32,0.14,0.36,0.0987,0.6954,0.035,0.004,0.84,0.07,0.034,0.072,0.022,0.006,0.015,0.013,Golf Club of Houston,USA
72.0,7313.0,490.0,188.0,-1.07,0.02,0.02,-0.26,301.2,17.5,0.683,0.014,-0.032,0.003,0.025,39.1,0.51,0.22,0.35,0.092,0.6135,0.002,0.003,0.68,0.19,-0.047,-0.018,-0.066,-0.014,0.044,0.033,Albany GC,Bahamas
72.0,7313.0,467.0,192.0,1.03,0.12,0.16,-0.26,283.7,17.5,0.5997,0.009,-0.074,-0.028,0.006,29.6,0.41,0.4,0.55,0.0196,0.6018,-0.075,0.002,0.26,0.03,-0.018,-0.074,-0.241,0.005,0.034,-0.007,Whistling Straits,USA
72.0,7311.0,470.0,187.0,0.07,0.16,0.05,-0.27,292.2,19.4,0.5903,0.003,-0.052,-0.018,-0.007,32.9,0.45,0.38,0.38,0.0706,0.6304,0.001,-0.029,0.8,0.07,-0.028,-0.069,-0.058,0.0,0.008,0.004,Muirfield Village Golf Club (Workday),USA
71.0,7295.0,466.0,196.0,-2.45,-0.03,-0.06,-0.56,295.0,15.4,0.6041,0.014,0.066,0.067,0.029,35.4,0.36,0.25,0.48,0.0285,0.71,0.068,0.067,0.2,0.02,0.072,0.08,0.02,0.005,0.024,0.02,TPC Craig Ranch,USA
72.0,7293.0,463.0,203.0,-1.62,0.06,-0.05,-0.35,275.4,16.0,0.69,0.009,0.015,0.054,0.002,34.7,0.29,0.2,0.28,0.0515,0.7041,0.043,0.06,0.43,0.05,0.007,0.082,0.015,0.0,0.021,0.015,TPC Louisiana,USA
72.0,7291.0,470.0,176.0,0.7,0.11,0.07,-0.11,284.8,16.6,0.6022,-0.002,0.002,-0.053,-0.013,33.0,0.25,0.13,0.36,0.0305,0.6056,-0.038,-0.062,0.47,0.01,0.014,0.012,-0.063,0.001,0.014,-0.02,Eagle Point Golf Club,USA
71.0,7290.0,467.0,190.0,0.09,0.01,0.06,-0.21,280.2,16.8,0.6264,0.008,-0.023,0.026,-0.03,32.6,0.33,0.31,0.41,0.0104,0.6491,0.003,0.035,0.11,0.03,0.0,-0.059,-0.008,0.004,0.017,0.006,Ridgewood CC,USA
71.0,7287.0,464.0,197.0,0.43,0.18,0.05,-0.27,299.7,27.5,0.5711,-0.024,0.006,0.006,0.061,31.0,0.34,0.34,0.6,0.0152,0.6326,-0.052,0.036,0.32,0.08,0.006,0.034,-0.078,-0.013,-0.036,-0.032,Club de Golf Chapultepec,Mexico
70.0,7283.0,464.0,196.0,1.54,0.11,0.12,-0.16,293.6,20.9,0.5079,-0.004,-0.007,-0.004,-0.031,26.4,0.38,0.36,0.34,0.0238,0.6046,-0.035,0.016,0.24,0.04,0.007,-0.048,0.035,0.001,-0.006,-0.01,Olympia Fields Country Club (North Course),USA
70.0,7282.0,461.0,207.0,0.88,0.06,0.09,-0.25,280.6,18.2,0.5881,-0.005,0.018,0.048,-0.022,30.2,0.36,0.33,0.41,0.0336,0.6803,0.009,0.064,0.22,0.02,0.018,-0.027,0.05,-0.002,-0.021,0.002,Baltusrol GC,USA
70.0,7279.0,461.0,205.0,0.43,0.12,0.07,-0.47,291.3,16.1,0.5509,0.014,0.005,0.018,0.002,25.0,0.46,0.43,0.45,0.0188,0.6158,0.019,0.018,0.27,0.04,0.012,-0.021,0.033,0.009,0.026,0.011,East Lake Golf Club,USA
71.0,7275.0,467.0,184.0,-0.34,0.05,0.05,-0.36,300.1,17.7,0.5585,0.006,-0.006,-0.001,0.017,31.4,0.35,0.19,0.37,0.0782,0.6605,-0.006,0.001,0.64,0.05,-0.016,0.034,-0.017,0.002,0.008,0.009,TPC Scottsdale (Stadium Course),USA
71.0,7273.0,467.0,182.0,1.87,0.12,0.18,-0.21,275.7,22.1,0.522,0.014,-0.037,-0.037,-0.111,30.0,0.42,0.25,0.67,0.0373,0.5724,-0.078,-0.022,0.31,0.19,0.0,-0.029,-0.182,0.001,0.025,0.028,Royal Liverpool,England
71.0,7265.0,465.0,187.0,-0.82,0.01,0.0,-0.29,285.6,17.6,0.6464,-0.004,-0.026,0.046,0.033,29.9,0.31,0.26,0.4,0.0439,0.714,0.036,0.051,0.39,0.01,-0.021,-0.015,-0.037,0.005,-0.011,-0.012,Robert Trent Jones GC,USA
71.0,7253.0,464.0,189.0,-1.05,0.04,0.03,-0.5,303.0,16.4,0.5603,0.031,-0.017,-0.026,0.054,30.1,0.52,0.51,0.56,0.0049,0.623,-0.022,-0.029,0.17,0.03,0.0,-0.074,-0.012,0.007,0.085,0.017,East Lake Golf Club,USA
72.0,7250.0,465.0,190.0,-2.76,0.01,-0.08,-0.51,293.7,16.4,0.6408,0.009,0.047,0.046,0.032,38.5,0.36,0.23,0.47,0.0268,0.7074,0.02,0.058,0.19,0.01,0.046,0.06,0.032,0.003,0.013,0.019,TPC Craig Ranch,USA
70.0,7248.0,462.0,195.0,0.42,0.08,0.05,-0.27,284.9,18.6,0.6484,0.004,0.004,0.033,0.003,34.6,0.41,0.4,0.36,0.0527,0.65,0.032,0.034,0.44,0.01,0.015,-0.039,0.019,-0.002,0.013,0.004,Bellerive CC,USA
72.0,7247.0,430.0,184.0,-0.29,0.16,0.0,-0.33,302.7,25.5,0.6402,0.003,-0.115,-0.057,0.07,71.9,0.33,0.21,0.83,0.0297,0.7752,-0.066,-0.047,0.24,0.07,-0.108,-0.004,-0.348,-0.003,0.061,-0.027,St. Andrews Links (Old Course),Scotland
70.0,7246.0,460.0,201.0,1.61,0.14,0.13,-0.23,285.9,19.2,0.6488,-0.013,-0.019,-0.001,0.021,37.0,0.34,0.3,0.39,0.0264,0.6293,-0.034,0.018,0.28,0.04,-0.009,-0.073,-0.009,-0.004,-0.012,-0.029,Glen Oaks Club,USA
71.0,7245.0,463.0,191.0,0.59,0.09,0.13,-0.42,286.6,19.7,0.5166,-0.017,0.009,0.007,-0.029,34.0,0.24,0.15,0.45,0.0064,0.5555,-0.006,0.012,0.08,0.04,0.004,0.048,-0.059,-0.011,-0.035,-0.011,The Riviera Country Club,USA
72.0,7231.0,445.0,188.0,-0.76,-0.02,0.03,-0.37,282.4,19.2,0.5556,0.004,-0.009,0.001,-0.035,29.8,0.43,0.42,0.37,0.0121,0.6374,0.017,-0.012,0.08,0.0,0.019,-0.054,0.036,-0.001,0.003,0.014,Oakdale Golf & Country Club,USA
71.0,7220.0,463.0,191.0,-1.25,-0.01,-0.01,-0.38,293.0,16.6,0.638,0.014,0.014,0.024,0.008,35.2,0.4,0.25,0.42,0.0721,0.7208,0.033,0.019,0.7,0.12,0.026,0.012,-0.035,0.004,0.015,0.03,TPC Twin Cities,USA
72.0,7214.0,462.0,186.0,-1.57,0.0,-0.04,-0.31,288.5,17.9,0.5448,0.002,0.02,0.015,0.003,28.9,0.29,0.26,0.38,0.0184,0.7015,0.026,0.008,0.24,0.01,0.007,0.028,0.047,0.0,0.0,0.008,The Country Club of Jackson,USA
71.0,7205.0,467.0,167.0,-2.42,-0.09,-0.06,-0.47,301.1,20.4,0.8603,-0.015,0.001,0.045,0.128,49.4,0.49,0.2,0.43,0.1699,0.7736,0.009,0.061,0.57,0.21,-0.01,0.052,-0.018,-0.006,-0.033,-0.014,Black Desert Resort,USA
71.0,7201.0,460.0,190.0,-0.3,0.05,0.07,-0.43,286.4,17.2,0.6609,0.008,0.019,0.015,-0.023,36.8,0.47,0.2,0.46,0.1028,0.6086,0.008,0.018,0.76,0.07,0.006,-0.016,0.053,0.005,0.015,0.008,Liberty National Golf Club,USA
72.0,7197.0,466.0,168.0,-1.05,0.06,0.05,-0.44,299.9,19.4,0.5168,0.007,0.006,-0.047,0.032,31.3,0.31,0.25,0.32,0.0241,0.6294,-0.01,-0.074,0.46,0.04,0.016,0.02,-0.023,0.005,0.016,0.001,Glen Abbey GC,Canada
70.0,7180.0,457.0,197.0,1.03,0.12,0.11,-0.38,288.2,19.5,0.5001,0.009,-0.014,-0.004,-0.009,28.7,0.34,0.34,0.22,0.0126,0.5909,-0.03,0.007,0.11,0.06,0.004,-0.048,-0.019,0.005,0.032,-0.002,TPC Harding Park,USA
70.0,7167.0,462.0,176.0,-1.56,-0.05,-0.02,-0.56,299.8,17.2,0.6674,-0.001,0.035,0.048,0.076,39.2,0.4,0.32,0.51,0.0192,0.7294,0.049,0.047,0.16,0.04,0.063,0.022,-0.004,0.0,0.01,-0.01,TPC Toronto at Osprey Valley (North Course),Canada
71.0,7162.0,459.0,183.0,-0.68,0.0,0.05,-0.41,276.7,16.2,0.6226,0.013,-0.007,0.022,-0.042,30.0,0.42,0.28,0.52,0.0751,0.6911,0.015,0.025,0.84,0.07,0.002,-0.036,0.017,0.0,0.019,0.03,Le Golf National,France
72.0,7158.0,458.0,187.0,-1.49,0.09,-0.05,-0.33,282.6,16.8,0.5965,0.009,0.035,0.005,-0.02,33.9,0.28,0.17,0.44,0.0433,0.6765,0.041,-0.017,0.74,0.13,0.039,0.069,-0.145,0.004,0.014,0.014,Pete Dye Stadium Course,USA
72.0,7148.0,457.0,189.0,-3.19,-0.03,-0.07,-0.59,295.9,18.5,0.619,0.002,0.019,0.037,0.038,34.6,0.33,0.24,0.47,0.0447,0.7427,0.046,0.032,0.42,0.1,0.028,0.018,-0.002,0.002,0.004,0.001,Keene Trace Golf Club (Champion Trace),USA
71.0,7144.0,454.0,197.0,0.1,0.11,0.03,-0.24,283.2,15.3,0.6299,0.001,-0.013,-0.005,0.012,35.9,0.34,0.22,0.48,0.0195,0.635,-0.009,-0.004,0.38,0.02,-0.022,-0.018,-0.016,0.0,0.002,0.002,TPC Boston,USA
71.0,7135.0,455.0,191.0,-1.48,0.03,-0.02,-0.47,290.5,19.2,0.5798,-0.001,0.038,0.021,-0.007,34.0,0.27,0.21,0.4,0.008,0.691,0.042,0.009,0.13,0.0,0.022,0.068,0.013,0.001,-0.005,-0.001,Dunes Golf and Beach Club,USA
72.0,7135.0,460.0,178.0,0.7,0.14,0.13,-0.29,282.3,18.4,0.5976,-0.005,-0.032,-0.044,-0.047,30.6,0.45,0.35,0.41,0.0573,0.6244,-0.067,-0.028,0.73,0.09,-0.025,-0.059,-0.041,0.0,-0.003,-0.014,TPC Sawgrass (THE PLAYERS Stadium Course),USA
71.0,7133.0,456.0,187.0,-1.83,-0.04,-0.05,-0.39,291.7,18.2,0.6907,0.012,-0.009,0.026,0.046,37.9,0.4,0.4,0.37,0.0264,0.7228,0.025,0.027,0.26,0.01,-0.019,-0.01,0.019,0.004,0.025,0.014,TPC Deere Run,USA
71.0,7120.0,457.0,178.0,-1.8,-0.02,-0.02,-0.49,287.3,18.4,0.816,-0.003,-0.008,0.042,0.059,59.9,0.38,0.21,0.45,0.0427,0.7615,0.027,0.048,0.14,0.02,-0.012,0.026,-0.023,-0.003,-0.011,0.005,Trinity Forest Golf Club,USA
70.0,7113.0,479.0,178.0,0.2,0.06,0.09,-0.33,295.0,20.3,0.5171,-0.016,0.067,0.008,-0.008,32.2,0.29,0.22,0.59,0.0082,0.6499,-0.009,0.015,0.05,0.02,0.066,0.094,-0.04,-0.024,-0.033,0.013,The Renaissance Club,Scotland
70.0,7113.0,451.0,198.0,-0.83,0.05,-0.03,-0.34,291.1,18.8,0.6592,0.005,0.008,0.044,0.029,36.6,0.34,0.25,0.5,0.0461,0.6983,0.034,0.052,0.24,0.07,0.031,-0.006,-0.025,0.004,0.002,0.008,The Old White TPC,USA
70.0,7106.0,480.0,177.0,0.31,0.07,0.08,-0.27,293.2,16.7,0.5588,-0.002,-0.014,0.004,0.011,32.3,0.26,0.22,0.35,0.0218,0.6342,-0.011,0.011,0.34,0.02,-0.03,0.006,0.033,0.0,-0.009,0.003,Memorial Park Golf Course,USA
70.0,7103.0,456.0,179.0,-0.31,0.06,0.02,-0.41,296.1,19.8,0.5566,-0.011,-0.001,0.037,0.017,35.4,0.28,0.23,0.42,0.005,0.7178,0.043,0.031,0.09,0.03,0.026,-0.009,-0.011,-0.003,-0.019,-0.017,The Philadelphia Cricket Club (Wissahickon Course),USA
70.0,7097.0,457.0,176.0,0.12,0.04,0.06,-0.4,290.7,17.3,0.5636,0.01,0.009,-0.012,-0.004,29.3,0.44,0.37,0.43,0.0421,0.5984,0.002,-0.02,0.67,0.06,0.008,-0.014,0.032,0.003,0.021,0.01,TPC Southwind,USA
71.0,7095.0,453.0,190.0,-2.13,0.01,-0.06,-0.51,282.9,17.0,0.6688,-0.006,0.03,0.058,0.037,37.5,0.36,0.34,0.45,0.0136,0.7379,0.093,0.041,0.19,0.03,-0.029,0.064,0.091,0.001,-0.008,-0.017,RTJ Trail (Grand National),USA
72.0,7094.0,452.0,190.0,-0.96,0.08,0.0,-0.32,287.8,21.2,0.5084,-0.005,-0.017,-0.003,-0.012,26.3,0.33,0.26,0.44,0.0181,0.6872,0.002,-0.006,0.17,0.08,-0.018,-0.027,-0.002,-0.001,-0.009,-0.007,Silverado Resort (North Course),USA
71.0,7082.0,452.0,186.0,-1.26,0.11,-0.01,-0.55,282.7,16.2,0.6109,0.012,0.045,-0.003,-0.025,30.6,0.32,0.2,0.38,0.0451,0.7009,0.025,-0.018,0.6,0.04,0.049,0.071,0.025,0.004,0.025,0.016,PGA National Resort (The Champion - Par 71),USA
71.0,7082.0,469.0,198.0,0.7,0.12,0.12,-0.23,277.3,17.2,0.5655,-0.003,0.02,-0.025,-0.067,27.7,0.35,0.24,0.52,0.0223,0.5699,-0.03,-0.023,0.19,0.02,0.032,0.017,0.006,0.0,-0.011,-0.004,Innisbrook Resort (Copperhead Course),USA
71.0,7073.0,450.0,191.0,-1.49,0.05,-0.03,-0.46,299.9,20.0,0.6094,0.005,-0.048,0.013,0.053,34.5,0.38,0.32,0.47,0.0215,0.7238,0.004,0.019,0.38,0.04,-0.056,-0.037,-0.037,0.002,0.01,0.005,TPC Summerlin,USA
70.0,7069.0,451.0,190.0,0.93,0.07,0.08,-0.13,280.7,18.1,0.5972,0.003,-0.014,0.0,-0.038,31.4,0.47,0.31,0.57,0.0676,0.614,0.01,-0.003,0.52,0.06,0.024,-0.029,-0.061,0.003,0.005,0.004,TPC Potomac at Avenel Farm,USA
70.0,7050.0,453.0,178.0,-0.32,-0.01,0.04,-0.37,280.5,17.2,0.6313,0.005,0.054,0.005,-0.005,34.1,0.31,0.24,0.4,0.0408,0.6167,0.011,0.002,0.22,0.0,0.019,0.056,0.087,-0.002,0.013,0.01,Royal Montreal GC (Blue),Canada
70.0,7036.0,446.0,199.0,-1.14,0.04,-0.03,-0.46,286.3,16.5,0.6825,0.01,-0.014,0.042,0.035,39.7,0.32,0.26,0.33,0.0044,0.7424,0.017,0.063,0.11,0.02,-0.029,-0.027,0.027,0.004,0.026,0.008,Aronimink GC,USA
70.0,7032.0,476.0,169.0,-1.28,-0.12,0.04,-0.35,287.0,18.1,0.5476,0.013,0.001,0.055,-0.014,30.0,0.36,0.33,0.43,0.0306,0.6979,0.038,0.066,0.26,0.03,-0.037,0.016,0.018,-0.008,0.051,0.011,ACCORDIA GOLF Narashino Country Club,Japan
72.0,7032.0,453.0,172.0,-1.27,-0.04,0.03,-0.36,283.1,15.7,0.5615,-0.015,0.078,-0.027,-0.019,23.9,0.33,0.2,0.45,0.0149,0.6578,0.0,-0.047,0.2,0.05,0.051,0.108,0.014,-0.006,-0.022,-0.024,Spyglass Hill Golf Course,USA
70.0,7023.0,449.0,185.0,-1.23,0.04,-0.01,-0.65,291.5,21.1,0.5654,0.003,0.037,0.032,0.013,35.0,0.31,0.28,0.26,0.036,0.6956,0.042,0.027,0.24,0.05,0.034,0.025,0.045,0.0,0.005,0.006,Waialae Country Club,USA
70.0,7022.0,445.0,200.0,0.24,0.14,0.04,-0.4,299.8,24.0,0.5591,0.006,-0.023,-0.039,0.041,36.5,0.47,0.43,0.44,0.0329,0.626,-0.037,-0.04,0.35,0.07,0.036,-0.062,-0.057,0.003,0.004,0.013,Hurstbourne Country Club,USA
70.0,7020.0,448.0,187.0,1.41,0.19,0.11,-0.35,277.1,16.3,0.6025,0.004,0.019,-0.054,-0.041,29.5,0.34,0.24,0.37,0.0451,0.5985,-0.021,-0.07,0.73,0.06,-0.001,0.064,0.016,-0.001,0.006,0.01,PGA National Resort (The Champion),USA
70.0,7014.0,446.0,193.0,0.62,0.08,0.06,-0.23,282.3,19.5,0.5512,0.004,0.029,-0.017,-0.044,28.0,0.36,0.35,0.34,0.0171,0.612,-0.031,-0.007,0.3,0.02,0.005,0.037,0.045,0.002,0.004,0.006,Colonial Country Club,USA
70.0,7006.0,464.0,196.0,0.3,0.04,0.11,-0.34,293.2,18.9,0.6188,-0.007,-0.019,-0.011,0.019,31.3,0.45,0.43,0.64,0.0162,0.6171,-0.017,-0.009,0.08,0.03,0.012,-0.033,-0.074,-0.004,-0.024,0.004,St. George's G&CC,Canada
71.0,7003.0,450.0,176.0,1.61,0.11,0.15,-0.16,270.2,17.9,0.6493,-0.001,-0.048,-0.047,-0.048,34.9,0.42,0.34,0.49,0.0395,0.5595,-0.04,-0.052,0.36,0.09,-0.006,-0.073,-0.046,0.004,0.001,-0.014,Pebble Beach Golf Links (U.S. Open),USA
71.0,6987.0,445.0,191.0,-0.81,0.11,-0.02,-0.34,281.0,19.9,0.5999,0.005,0.005,0.011,0.012,30.4,0.31,0.26,0.38,0.0321,0.6321,0.013,0.01,0.38,0.07,0.013,0.013,-0.047,0.004,0.008,0.005,Conway Farms GC,USA
72.0,6986.0,464.0,192.0,-2.11,0.05,-0.04,-0.4,276.3,17.5,0.7204,0.017,0.021,0.007,-0.034,35.9,0.57,0.47,0.7,0.0632,0.6761,0.029,0.0,0.48,0.11,0.034,0.008,0.008,0.008,0.041,0.012,Sherwood Country Club,USA
71.0,6980.0,446.0,184.0,-0.21,0.12,0.03,-0.35,276.2,19.3,0.617,0.0,0.043,-0.026,-0.052,32.5,0.26,0.14,0.35,0.0336,0.601,0.007,-0.043,0.47,0.09,0.037,0.078,0.011,0.001,-0.007,0.004,Harbour Town Golf Links,USA
70.0,6978.0,446.0,183.0,-0.01,0.02,0.06,-0.4,284.9,17.9,0.5711,0.0,-0.006,0.016,-0.014,30.2,0.36,0.27,0.36,0.0608,0.6267,0.001,0.025,0.41,0.07,-0.026,0.026,0.035,-0.005,-0.001,0.011,TPC Four Seasons Resort,USA
70.0,6958.0,442.0,192.0,-1.15,-0.02,0.0,-0.56,286.1,18.4,0.6201,-0.009,-0.037,0.069,0.021,29.5,0.42,0.33,0.67,0.0476,0.7347,0.057,0.076,0.28,0.13,-0.036,-0.071,0.026,0.002,-0.016,-0.021,Sedgefield Country Club,USA
70.0,6925.0,437.0,204.0,-0.3,0.1,0.02,-0.46,289.7,17.8,0.5562,-0.01,0.002,0.009,0.006,33.2,0.4,0.33,0.55,0.0193,0.667,0.006,0.011,0.09,0.01,-0.003,-0.029,0.039,-0.005,-0.021,-0.011,Hamilton Golf & Country Club,Canada
71.0,6899.0,449.0,179.0,-2.09,0.0,-0.07,-0.52,300.8,21.4,0.5859,0.005,0.016,0.012,0.035,33.3,0.29,0.16,0.37,0.0518,0.7087,0.0,0.021,0.59,0.06,0.013,0.024,0.011,0.002,0.018,-0.001,Austin Country Club,USA
72.0,6888.0,443.0,170.0,-0.66,0.06,0.03,-0.29,272.7,17.9,0.6882,-0.015,0.029,-0.041,-0.027,40.5,0.32,0.16,0.41,0.0487,0.6558,-0.032,-0.048,0.35,0.09,0.04,0.051,-0.022,-0.011,-0.036,-0.004,Pebble Beach Golf Links,USA
70.0,6880.0,436.0,195.0,-1.11,0.0,-0.02,-0.42,280.7,15.8,0.705,0.005,0.026,0.023,-0.005,42.3,0.39,0.17,0.39,0.1035,0.7416,0.011,0.03,0.45,0.06,0.016,0.048,0.054,0.003,0.011,0.003,Sea Island Golf Club (Seaside Course),USA
72.0,6844.0,460.0,173.0,-1.98,0.03,0.05,-0.51,277.8,15.0,0.6311,-0.001,0.045,-0.021,-0.012,34.9,0.28,0.14,0.4,0.0827,0.6639,0.006,-0.035,0.75,0.13,0.025,0.081,-0.016,0.0,-0.004,0.002,PGA West (Palmer),USA
70.0,6829.0,438.0,175.0,1.05,0.07,0.1,-0.21,282.2,21.7,0.5511,-0.013,-0.036,-0.014,-0.015,32.9,0.4,0.34,0.54,0.0114,0.6434,-0.022,-0.007,0.3,0.08,-0.018,-0.056,-0.05,-0.001,-0.03,-0.017,Plainfield CC,USA
70.0,6800.0,432.0,188.0,-0.53,0.02,0.0,-0.29,284.5,19.0,0.6454,0.002,-0.057,0.014,-0.005,37.0,0.43,0.31,0.36,0.0743,0.6899,0.003,0.022,0.48,0.08,-0.065,-0.055,-0.033,0.002,0.001,0.003,TPC River Highlands,USA
